Name,Price
Smart Microphone Clock Ultra One,17.0
Premium Mouse Lamp Ultra Touch Compact,38.0
Pro Trimmer Cooler,43.0
Compact Heater Stove Scanner Rechargeable Silent Compact,12.0
Compact Projector Brush Clean,29.0
Digital Radio Radio Air Lite,39.0
Advanced Iron Cooler Iron Pro,26.0
Compact Lock Thermostat Silent Prime Automatic,36.0
Silent Fan Premium Rechargeable,44.0
Portable Mouse Speaker Cooler Digital Premium Air,3.0
Pro Powerbank Projector,19.0
Digital Cooker Cooler,46.0
Compact Camera Drone Fan Prime,30.0
Pro Headphones Advanced,6.0
Compact Iron Monitor Lite,11.0
Compact Scooter Microphone Eco Sense Premium,7.0
Cooler Vacuum,21.0
Advanced Blender Max,47.0
Clock Lock,40.0
Portable Radio Silent Advanced Sense,4.0
Scooter,13.0
Mini Webcam Webcam Treadmill Edge,26.0
Automatic Radio Touch Wireless Mini,17.0
Pro Router Phone,43.0
Smart Scooter Sense Silent Sense,20.0
Ultra Monitor Cooler Dock Portable Edge Fast,14.0
Smart Mixer Freezer Trimmer,49.0
Silent Mouse Lamp Portable,42.0
Digital Toaster,3.0
Automatic Stove Light Premium,50.0
Smart Router Automatic,43.0
Rechargeable Shaver Go Air Smart,30.0
Advanced Fan Thermostat,26.0
Premium Monitor Brush Monitor,6.0
Premium Projector Brush,35.0
Advanced Clock Router Fridge Clean Clean,14.0
Lamp Blender Drone,40.0
Smart Fan Monitor Toaster,4.0
Wireless Phone Iron Speakerphone,16.0
Heater Mixer Shaver,48.0
Smart Cooker Clean Sense 360,44.0
Advanced Mouse,29.0
Portable Iron Clean Clean Premium,21.0
Digital Kettle Vacuum Edge,36.0
Mini Cooler Automatic Portable Wireless,12.0
Rechargeable Keyboard Freezer,10.0
Wireless Mouse Charger,13.0
Ultra Freezer Digital,9.0
Clean Blender Compact Premium Prime,35.0
Radio Light Fan,10.0
Portable Fridge Fan Bicycle Air Air,14.0
Dock,31.0
Smart Mixer Vacuum Pro,50.0
Wireless Brush,35.0
Printer Charger Brush,15.0
Tablet,12.0
Portable Router Lamp Smart Clean,46.0
Pro Drone Vacuum Clean,1.0
Smart Heater Toaster Stove Smart Air Go,49.0
Advanced Phone Mini Advanced Portable,17.0
Rechargeable Light Edge Smart Smart,2.0
Speakerphone Oven,47.0
Compact Fan Smart Plus,34.0
Rechargeable Scale Speaker Powerbank Fast,23.0
Mini Radio Treadmill Premium One Max,8.0
Mini Speakerphone Oven,10.0
Smart Scale Eco Fast Mini,20.0
Mini Scale Treadmill Go,36.0
Smart Mouse,31.0
Automatic Speaker Powerbank Camera,8.0
Lock Camera,10.0
Ultra Fan Edge Wireless,2.0
Fast Fan Iron Cooker,42.0
Automatic Trimmer Shaver Smart,41.0
Mini Mixer Router Phone Smart Prime,1.0
Portable Webcam Trimmer Projector Advanced,5.0
Freezer,19.0
Rechargeable Thermostat Webcam Bicycle Edge Smart Touch,8.0
Smart Dock Automatic Touch,29.0
Radio,15.0
Smart Router X,38.0
Digital Treadmill,24.0
Compact Mouse Speaker Cooler Sense,50.0
Camera,46.0
Fast Headphones,47.0
Mini Mouse Lamp Prime 360,23.0
Premium Oven,12.0
Digital Keyboard Plus Ultra Compact,2.0
Drone Heater Scanner,26.0
Projector,43.0
Automatic Watch Tablet Printer Pro,25.0
Watch,12.0
Digital Brush Cooler Powerbank Rechargeable Digital,39.0
Wireless Drone Portable One One,8.0
Advanced Powerbank,19.0
Smart Router Keyboard,43.0
Heater Radio,2.0
Wireless Fan Iron Clock Ultra Silent,17.0
Ultra Powerbank,4.0
Premium Lamp Pro,49.0
Smart Projector Clean Rechargeable,23.0
Fast Dock Silent,46.0
Wireless Webcam Toaster,29.0
Portable Brush Smart Compact Air,42.0
Fast Webcam Scooter One Digital,27.0
Compact Tablet Tablet Kettle Premium Compact,12.0
Compact Lock Charger Portable,23.0
Fan Scooter Trimmer,20.0
Premium Fan Ultra Premium Wireless,38.0
Smart Dock Dock Trimmer Smart,38.0
Ultra Lamp Blender Drone Pro Sense Prime,47.0
Mini Kettle Compact Smart Fast,7.0
Advanced Bicycle Microphone Go,49.0
Powerbank Cooker Iron,26.0
Eco Charger Tablet Brush Fast Advanced Smart,19.0
Mini Fan,39.0
Automatic Watch,16.0
Eco Heater Thermostat Portable One Touch,42.0
Portable Phone Thermostat Max Automatic,22.0
Wireless Mouse Radio Light,10.0
Wireless Watch Mini,30.0
Digital Fan Pro Smart Ultra,12.0
Grill Grill Scale,9.0
Ultra Brush Plus Wireless,12.0
Eco Keyboard Toaster Monitor Sense Clean,2.0
Camera Keyboard,16.0
Smart Speakerphone Mixer Clean One,14.0
Smart Printer Lock Thermostat Advanced Premium,49.0
Phone Iron Speakerphone,47.0
Phone,36.0
Shaver,20.0
Eco Powerbank,2.0
Automatic Scale Trimmer Grill Clean Fast,11.0
Printer,25.0
Fan Iron Cooker,48.0
Smart Charger Stove Watch Digital Mini Rechargeable,7.0
Fan,32.0
Rechargeable Stove Light Eco Plus,8.0
Silent Brush,1.0
Automatic Treadmill Lite Eco,36.0
Mini Treadmill Go,15.0
Mini Brush,13.0
Projector,31.0
Premium Fan Iron Clock,12.0
Eco Webcam Toaster Silent Ultra Plus,42.0
Portable Cooker Touch,26.0
Premium Iron Smart,25.0
Wireless Watch,42.0
Pro Fridge Mouse Monitor,29.0
Portable Printer Webcam Clean Fast X,37.0
Mini Charger Treadmill,13.0
Portable Clock Ultra Air Eco,45.0
Advanced Iron Heater Silent Portable,13.0
Eco Heater Thermostat,7.0
Fast Tablet Portable,13.0
Premium Clock Brush Advanced Touch Eco,1.0
Pro Scooter Portable,11.0
Premium Treadmill Fast Automatic Portable,7.0
Fast Clock Brush Go Max,4.0
Digital Speaker 360,40.0
Microphone Treadmill Oven,22.0
Digital Scale Headphones,2.0
Premium Stove Iron Clean Pro Compact,16.0
Tablet Tablet Kettle,4.0
Pro Freezer Smart Ultra,24.0
Eco Thermostat Webcam Bicycle,9.0
Automatic Treadmill,32.0
Lamp,22.0
Clean Radio Light Fan,24.0
Portable Projector Fast Automatic,14.0
Automatic Fan Iron Cooker Premium Prime,33.0
Automatic Projector Smart,34.0
Clean Trimmer Cooler Wireless,21.0
Smart Webcam Clean Plus Rechargeable,38.0
Freezer Mixer Lock,39.0
Silent Dock Go,18.0
Clean Phone Go Edge Sense,9.0
Heater Keyboard,43.0
Pro Mixer X Prime Sense,24.0
Charger,33.0
Silent Trimmer Stove,22.0
Mini Projector Mini,43.0
Silent Lock Bicycle Smart,41.0
Pro Iron,31.0
Digital Fridge Fan Lamp Plus,48.0
Advanced Fan Monitor Toaster Plus Edge,28.0
Pro Camera Treadmill Heater Prime,32.0
Dock Dock Trimmer,5.0
Digital Webcam Webcam Stove Wireless,49.0
Digital Projector Eco,22.0
Grill Microphone Projector,50.0
Smart Lamp Automatic Fast Premium,45.0
Scale Toaster,42.0
Smart Powerbank X,11.0
Blender Treadmill Tablet,40.0
Portable Kettle 360 Rechargeable,48.0
Pro Projector Brush,11.0
Digital Router,8.0
Charger Tablet Brush,9.0
Eco Iron Monitor Portable One,31.0
Projector Oven Thermostat,19.0
Portable Heater Mixer Shaver Sense Sense Premium,40.0
Fast Lock,9.0
Smart Fan Phone Plus,24.0
Mini Charger Lock Oven 360,41.0
Smart Freezer Phone Smart,46.0
Wireless Cooker Touch,9.0
Portable Dock,10.0
Eco Stove Light,17.0
Pro Fan,21.0
Mini Drone Printer Plus Air One,34.0
Portable Lock Compact,34.0
Compact Charger Lock Oven,18.0
Premium Kettle Brush Fan Automatic,28.0
Smart Radio Lite,15.0
Pro Webcam Dock Heater Silent Pro 360,43.0
Eco Grill Tablet Fridge Pro X 360,26.0
Silent Microphone Premium Max Fast,6.0
Advanced Brush Ultra 360,21.0
Printer Lock Thermostat,19.0
Advanced Lock 360 Clean,49.0
Smart Oven Drone Mini 360,25.0
Smart Lock Thermostat X Rechargeable,7.0
Advanced Dock Router Webcam Rechargeable,46.0
Smart Monitor Cooler Dock Lite Smart Compact,47.0
Ultra Mixer Heater Edge,12.0
Mini Tablet Blender X,21.0
Automatic Trimmer Heater Advanced Eco Pro,22.0
Rechargeable Freezer Projector Webcam Eco Plus Rechargeable,3.0
Digital Brush Blender,11.0
Webcam Scooter,33.0
Advanced Treadmill 360,1.0
Smart Radio,11.0
Automatic Kettle Vacuum,4.0
Automatic Watch Headphones Kettle Sense Digital,22.0
Webcam Projector Lock,18.0
Smart Trimmer Heater Silent,46.0
Automatic Dock Speaker Phone Prime Silent,21.0
Radio,37.0
Premium Mixer Drone Fan Go Lite Portable,36.0
Ultra Heater Monitor Rechargeable,14.0
Fan,8.0
Compact Radio Bicycle Cooler Smart Automatic,17.0
Mini Iron Monitor,3.0
Mini Trimmer Cooler Advanced 360 Clean,4.0
Fan Scooter Trimmer,11.0
Mini Lock Lamp Max Portable Touch,41.0
Premium Drone Thermostat Headphones Advanced Smart,5.0
Eco Lamp Lamp Digital,14.0
Lock Lamp,38.0
Trimmer Heater,27.0
Ultra Freezer Mixer Lock Plus Max,13.0
Watch Thermostat,39.0
Compact Tablet Fast,22.0
Smart Clock Brush Lite,42.0
Clean Scanner Tablet Radio Fast,31.0
Clock Brush,39.0
Pro Fridge Printer Mouse Wireless Eco,29.0
Pro Keyboard,15.0
Automatic Microphone Treadmill Oven Smart Prime Smart,8.0
Monitor Light,26.0
Smart Cooler Vacuum,41.0
Premium Heater Monitor,20.0
Router,22.0
Clean Lamp,18.0
Fast Cooker Cooler Max Smart,34.0
Smart Radio Pro Ultra X,1.0
Smart Cooler Plus,2.0
Automatic Mixer Freezer Trimmer Smart,15.0
Silent Speaker Plus Automatic Portable,17.0
Digital Grill Brush Watch One,10.0
Pro Webcam Projector Oven Silent,46.0
Premium Powerbank Eco,39.0
Automatic Lock Plus Clean Advanced,47.0
Smart Oven Trimmer Dock Plus Plus,36.0
Premium Webcam Toaster,39.0
Smart Fan Powerbank 360,48.0
Portable Powerbank Projector Advanced Ultra Plus,24.0
Advanced Speaker Router Lamp One Automatic,45.0
Fast Cooler,34.0
Automatic Fridge Fan Bicycle,47.0
Premium Brush Scale Grill Plus,20.0
Fast Trimmer Webcam Heater Digital Advanced Silent,39.0
Smart Lamp Freezer,37.0
Automatic Trimmer Shaver,20.0
Wireless Iron Microphone Go Ultra,12.0
Mini Treadmill,14.0
Compact Mixer Freezer Trimmer Smart,49.0
Fast Tablet Speaker Scooter Eco,49.0
Wireless Blender Wireless Prime,30.0
Microphone Headphones,30.0
Speaker Tablet Headphones,11.0
Smart Lock Smart Compact Touch,25.0
Portable Router Prime Prime,40.0
Smart Tablet,42.0
Scooter Bicycle Oven,12.0
Wireless Toaster Eco,9.0
Smart Scale Advanced,12.0
Ultra Charger Tablet Brush Rechargeable Smart Wireless,19.0
Silent Clock Lock Max,36.0
Fast Fan Iron Cooker Prime,15.0
Automatic Router Max,44.0
Digital Grill Brush Watch Edge,12.0
Eco Fan,10.0
Webcam Projector Lock,47.0
Premium Headphones Stove Portable,16.0
Fast Cooker,37.0
Advanced Powerbank Projector,1.0
Pro Cooler Vacuum,36.0
Rechargeable Blender Toaster Camera Silent 360 Eco,4.0
Charger,7.0
Ultra Clock Pro,23.0
Eco Vacuum Shaver Fast Eco Mini,20.0
Advanced Thermostat Trimmer Eco,42.0
Pro Drone,17.0
Advanced Monitor Brush Monitor,16.0
Mini Iron Microphone X Ultra,4.0
Portable Oven Speaker Fan Plus Prime,14.0
Pro Microphone Camera Lite,22.0
Digital Headphones Stove X,5.0
Smart Light Webcam Cooker,20.0
Smart Watch Thermostat Portable Prime,15.0
Digital Thermostat Trimmer,11.0
Pro Webcam Go,44.0
Ultra Radio Radio 360 Air Mini,35.0
Silent Projector Rechargeable Rechargeable Prime,38.0
Wireless Fridge Portable,48.0
Fast Blender Cooker Sense Mini Rechargeable,47.0
Digital Mixer Treadmill,48.0
Mini Fan,50.0
Pro Trimmer Premium Mini Clean,48.0
Pro Tablet Blender X,14.0
Portable Microphone Headphones,1.0
Trimmer Heater,3.0
Premium Radio,5.0
Smart Clock Drone Charger Compact,27.0
Mini Router Scanner,7.0
Eco Mixer Bicycle Fridge Clean,10.0
Shaver Drone,40.0
Rechargeable Camera Smart,45.0
Wireless Shaver Mouse Compact,30.0
Camera,36.0
Fast Mouse Powerbank Printer Smart Air Smart,34.0
Compact Cooker,41.0
Portable Bicycle Lock Fan Automatic Smart Touch,23.0
Eco Clock Lock 360 Sense,37.0
Speakerphone Scanner Monitor,22.0
Digital Drone Mini Advanced,46.0
Portable Tablet Speakerphone Edge Eco Lite,40.0
Rechargeable Treadmill Dock Automatic,35.0
Lock,12.0
Ultra Scooter Edge Max Sense,17.0
Premium Drone Ultra One Clean,24.0
Drone,25.0
Clean Grill Air X,16.0
Portable Charger Lock Oven Max Lite Automatic,48.0
Advanced Scooter Rechargeable Ultra,39.0
Lock,19.0
Ultra Blender Toaster Camera Go Fast,24.0
Ultra Fridge Fan Bicycle,40.0
Digital Brush Go Go Eco,45.0
Silent Stove Iron X,22.0
Wireless Keyboard Toaster Monitor,46.0
Wireless Cooker Brush,10.0
Rechargeable Cooler Fan Plus Clean Fast,18.0
Premium Watch Fridge Automatic,44.0
Digital Radio Treadmill,37.0
Fast Fridge Advanced,10.0
Advanced Fan Ultra Pro Plus,14.0
Kettle Vacuum,8.0
Portable Trimmer Clean,14.0
Rechargeable Heater Mixer Shaver Advanced Silent,17.0
Monitor Brush Monitor,19.0
Smart Treadmill Silent Max X,38.0
Wireless Webcam Stove Grill One,14.0
Grill,32.0
Silent Mouse Powerbank Printer Air Prime,45.0
Premium Microphone Headphones Touch Sense,1.0
Compact Drone Printer Tablet Sense,24.0
Powerbank Brush Charger,26.0
Digital Webcam Projector Oven Silent Edge One,23.0
Portable Webcam Mouse One,26.0
Smart Router Scanner,46.0
Pro Radio Radio One Plus Portable,3.0
Ultra Camera Keyboard Compact Clean,41.0
Light Heater Clock,49.0
Advanced Thermostat Camera Watch,27.0
Smart Treadmill 360,38.0
Silent Dock,37.0
Smart Lock Bicycle Lite Digital Smart,35.0
Fast Lock Edge,50.0
Mini Drone Thermostat Headphones Prime Rechargeable Silent,9.0
Keyboard,29.0
Eco Grill Brush Watch Portable,26.0
Automatic Mixer Bicycle Fridge X Max Lite,41.0
Ultra Powerbank,8.0
Compact Bicycle Scooter,21.0
Fan,23.0
Smart Microphone Camera Advanced Edge,11.0
Scanner,32.0
Silent Brush Scanner Pro Mini Pro,15.0
Portable Iron Heater,42.0
Digital Trimmer Smart Fast,46.0
Digital Fan Cooler Vacuum,3.0
Bicycle Scooter,12.0
Smart Trimmer,29.0
Ultra Iron Toaster Projector Plus Pro Clean,28.0
Advanced Cooker,14.0
Silent Webcam Scooter Pro,15.0
Wireless Phone Speaker Blender Wireless,35.0
Ultra Charger Treadmill Touch,4.0
Mini Brush Blender Vacuum,26.0
Clean Treadmill,33.0
Mini Thermostat Webcam Bicycle,12.0
Brush,20.0
Smart Charger Lamp Smart Eco Ultra,25.0
Smart Webcam Mouse Max,3.0
Portable Iron Portable 360,27.0
Premium Vacuum Iron Phone Premium Edge Fast,41.0
Fast Watch Eco Ultra,2.0
Premium Camera Keyboard Eco One,27.0
Automatic Scooter,3.0
Cooler Vacuum,17.0
Mini Lamp Clean Fast Plus,38.0
Smart Dock Touch Mini,29.0
Speaker,50.0
Ultra Iron Heater Plus Automatic Premium,17.0
Digital Drone Mini Smart,10.0
Compact Bicycle Smart Air,2.0
Clean Radio Iron Automatic Sense,1.0
Silent Treadmill,38.0
Eco Webcam Mouse Wireless,50.0
Eco Lamp Lamp Kettle X Air,10.0
Clean Printer Silent Smart,40.0
Compact Mouse Advanced Premium Lite,3.0
Powerbank,21.0
Advanced Powerbank Premium Go,5.0
Pro Mixer Drone Fan Touch Go 360,47.0
Silent Iron Toaster Projector,35.0
Smart Webcam Powerbank Silent Smart X,33.0
Smart Dock Powerbank Speaker Smart Rechargeable One,15.0
Vacuum Webcam,29.0
Premium Shaver Wireless,13.0
Premium Charger Stove Watch Clean Wireless,36.0
Smart Blender Scale X Edge,14.0
Pro Trimmer Premium Prime Digital,19.0
Silent Fridge Freezer Compact Sense Wireless,47.0
Premium Fan Cooler Vacuum Compact,38.0
Digital Trimmer Heater Ultra Ultra,3.0
Automatic Cooker Cooler Plus,28.0
Digital Charger Lamp Sense X One,40.0
Digital Mixer Lamp,37.0
Advanced Grill Grill Scale Smart,44.0
Digital Printer Ultra Go,41.0
Fast Camera Heater Webcam Wireless,33.0
Automatic Mixer Compact Max Portable,7.0
Ultra Brush,4.0
Lock Thermostat,4.0
Digital Vacuum Sense Smart,40.0
Heater,47.0
Rechargeable Cooker Cooler,5.0
Trimmer Webcam Heater,22.0
Automatic Monitor Brush Monitor,23.0
Fast Router,39.0
Pro Shaver,24.0
Advanced Cooler Fan Fast,17.0
Smart Headphones Touch X Premium,7.0
Fast Speaker Keyboard,33.0
Light Webcam Cooker,12.0
Advanced Tablet Router Printer Premium Edge 360,25.0
Portable Drone Speaker Speaker,32.0
Mixer Toaster Toaster,6.0
Silent Mouse Heater Sense Wireless,46.0
Eco Powerbank Prime 360 Max,21.0
Digital Heater Cooker Lite,14.0
Mini Grill,30.0
Watch Tablet Printer,35.0
Treadmill,10.0
Fast Keyboard Advanced,18.0
Fast Camera Bicycle Speakerphone Prime Digital,27.0
Pro Headphones Charger Compact Premium Smart,43.0
Digital Light Headphones Tablet Wireless Clean Digital,50.0
Iron,12.0
Pro Webcam Projector Oven,22.0
Mini Powerbank Iron Brush Advanced Digital,20.0
Ultra Toaster,26.0
Smart Lock Charger,19.0
Mini Fan Powerbank Fast X Plus,24.0
Clean Radio Prime 360 Wireless,6.0
Digital Bicycle Mini Smart,24.0
Advanced Fan Ultra Automatic,30.0
Smart Scooter Ultra Advanced Clean,48.0
Advanced Treadmill Go Advanced Silent,41.0
Rechargeable Fan Monitor Toaster,28.0
Automatic Speakerphone Scanner Monitor Plus,34.0
Digital Treadmill,23.0
Silent Bicycle Lock Fan Ultra,15.0
Ultra Kettle Plus Plus 360,28.0
Eco Charger Radio Pro Advanced,6.0
Rechargeable Headphones Stove,45.0
Clean Charger Treadmill,31.0
